<?xml version="1.0"?>
<!--<!DOCTYPE metadata SYSTEM "http://www.esri.com/metadata/esriprof80.dtd">-->
<metadata xml:lang="en"><Esri><CreaDate>20110308</CreaDate><CreaTime>12553300</CreaTime><SyncOnce>FALSE</SyncOnce><SyncDate>20110428</SyncDate><SyncTime>15172900</SyncTime><ModDate>20110428</ModDate><ModTime>15172900</ModTime><DataProperties><lineage><Process Name="FeatureClassToFeatureClass_2" ToolSource="C:\Program Files\ArcGIS\ArcToolbox\Toolboxes\Conversion Tools.tbx\FeatureClassToFeatureClass" Date="20080617" Time="140420">FeatureClassToFeatureClass C:\arcgis\Doms_Work\Amtrak\FRA_Amtrak_stations.shp "C:\arcgis\Doms_Work\Data\Updated Amtrak Stations.mdb" Updated_DataSet # "STNCODE STNCODE true false false 10 Text 0 0 ,First,#,C:\arcgis\Doms_Work\Amtrak\FRA_Amtrak_stations.shp,STNCODE,-1,-1;STNNAME STNNAME true false false 50 Text 0 0 ,First,#,C:\arcgis\Doms_Work\Amtrak\FRA_Amtrak_stations.shp,STNNAME,-1,-1;ADDRESS1 ADDRESS1 true false false 50 Text 0 0 ,First,#,C:\arcgis\Doms_Work\Amtrak\FRA_Amtrak_stations.shp,ADDRESS1,-1,-1;ADDRESS2 ADDRESS2 true false false 50 Text 0 0 ,First,#,C:\arcgis\Doms_Work\Amtrak\FRA_Amtrak_stations.shp,ADDRESS2,-1,-1;CITY CITY true false false 26 Text 0 0 ,First,#,C:\arcgis\Doms_Work\Amtrak\FRA_Amtrak_stations.shp,CITY,-1,-1;STATE STATE true false false 5 Text 0 0 ,First,#,C:\arcgis\Doms_Work\Amtrak\FRA_Amtrak_stations.shp,STATE,-1,-1;ZIP ZIP true false false 10 Text 0 0 ,First,#,C:\arcgis\Doms_Work\Amtrak\FRA_Amtrak_stations.shp,ZIP,-1,-1;STNTYPE STNTYPE true false false 10 Text 0 0 ,First,#,C:\arcgis\Doms_Work\Amtrak\FRA_Amtrak_stations.shp,STNTYPE,-1,-1;STATUS STATUS true false false 10 Text 0 0 ,First,#,C:\arcgis\Doms_Work\Amtrak\FRA_Amtrak_stations.shp,STATUS,-1,-1;NOTES NOTES true false false 30 Text 0 0 ,First,#,C:\arcgis\Doms_Work\Amtrak\FRA_Amtrak_stations.shp,NOTES,-1,-1;LAT LAT true false false 19 Double 6 18 ,First,#,C:\arcgis\Doms_Work\Amtrak\FRA_Amtrak_stations.shp,LAT,-1,-1;LON LON true false false 19 Double 6 18 ,First,#,C:\arcgis\Doms_Work\Amtrak\FRA_Amtrak_stations.shp,LON,-1,-1;InAmtrSite InAmtrSite true false false 1 Text 0 0 ,First,#,C:\arcgis\Doms_Work\Amtrak\FRA_Amtrak_stations.shp,InAmtrSite,-1,-1" # "C:\arcgis\Doms_Work\Data\Updated Amtrak Stations.mdb\Updated_DataSet"</Process><Process ToolSource="C:\Program Files\ArcGIS\ArcToolbox\Toolboxes\Conversion Tools.tbx\FeatureClassToFeatureClass" Date="20090304" Time="134441">FeatureClassToFeatureClass C:\data\FRA_Stations\amtrak\MASTER_LAYER\2009\amtk_stations.shp C:\data\FRA_Stations\amtrak\MASTER_LAYER\2009\Amtrak.gdb amtk_stations # "OBJECTID 'OBJECTID' true true false 9 Long 0 9 ,First,#,C:\data\FRA_Stations\amtrak\MASTER_LAYER\2009\amtk_stations.shp,OBJECTID,-1,-1;STNCODE 'STNCODE' true true false 10 Text 0 0 ,First,#,C:\data\FRA_Stations\amtrak\MASTER_LAYER\2009\amtk_stations.shp,STNCODE,-1,-1;STNNAME 'STNNAME' true true false 50 Text 0 0 ,First,#,C:\data\FRA_Stations\amtrak\MASTER_LAYER\2009\amtk_stations.shp,STNNAME,-1,-1;ADDRESS1 'ADDRESS1' true true false 50 Text 0 0 ,First,#,C:\data\FRA_Stations\amtrak\MASTER_LAYER\2009\amtk_stations.shp,ADDRESS1,-1,-1;ADDRESS2 'ADDRESS2' true true false 50 Text 0 0 ,First,#,C:\data\FRA_Stations\amtrak\MASTER_LAYER\2009\amtk_stations.shp,ADDRESS2,-1,-1;CITY 'CITY' true true false 26 Text 0 0 ,First,#,C:\data\FRA_Stations\amtrak\MASTER_LAYER\2009\amtk_stations.shp,CITY,-1,-1;STATE 'STATE' true true false 5 Text 0 0 ,First,#,C:\data\FRA_Stations\amtrak\MASTER_LAYER\2009\amtk_stations.shp,STATE,-1,-1;ZIP 'ZIP' true true false 10 Text 0 0 ,First,#,C:\data\FRA_Stations\amtrak\MASTER_LAYER\2009\amtk_stations.shp,ZIP,-1,-1;STNTYPE 'STNTYPE' true true false 10 Text 0 0 ,First,#,C:\data\FRA_Stations\amtrak\MASTER_LAYER\2009\amtk_stations.shp,STNTYPE,-1,-1;STATUS 'STATUS' true true false 10 Text 0 0 ,First,#,C:\data\FRA_Stations\amtrak\MASTER_LAYER\2009\amtk_stations.shp,STATUS,-1,-1;NOTES 'NOTES' true true false 30 Text 0 0 ,First,#,C:\data\FRA_Stations\amtrak\MASTER_LAYER\2009\amtk_stations.shp,NOTES,-1,-1;LAT 'LAT' true true false 19 Double 0 0 ,First,#,C:\data\FRA_Stations\amtrak\MASTER_LAYER\2009\amtk_stations.shp,LAT,-1,-1;LON 'LON' true true false 19 Double 0 0 ,First,#,C:\data\FRA_Stations\amtrak\MASTER_LAYER\2009\amtk_stations.shp,LON,-1,-1;InAmtrSite 'InAmtrSite' true true false 1 Text 0 0 ,First,#,C:\data\FRA_Stations\amtrak\MASTER_LAYER\2009\amtk_stations.shp,InAmtrSite,-1,-1;Action_ 'Action_' true true false 2 Text 0 0 ,First,#,C:\data\FRA_Stations\amtrak\MASTER_LAYER\2009\amtk_stations.shp,Action_,-1,-1" # C:\data\FRA_Stations\amtrak\MASTER_LAYER\2009\Amtrak.gdb\amtk_stations</Process><Process ToolSource="C:\Program Files\ArcGIS\ArcToolbox\Toolboxes\Conversion Tools.tbx\FeatureClassToFeatureClass" Date="20090304" Time="134530">FeatureClassToFeatureClass C:\data\FRA_Stations\amtrak\MASTER_LAYER\2009\Amtrak.gdb\amtk_stations C:\data\FRA_Stations\amtrak\MASTER_LAYER\2009 amtk_stations09.shp # "OBJECTID 'OBJECTID' true true false 4 Long 0 0 ,First,#,C:\data\FRA_Stations\amtrak\MASTER_LAYER\2009\Amtrak.gdb\amtk_stations,OBJECTID,-1,-1;STNCODE 'STNCODE' true true false 10 Text 0 0 ,First,#,C:\data\FRA_Stations\amtrak\MASTER_LAYER\2009\Amtrak.gdb\amtk_stations,STNCODE,-1,-1;STNNAME 'STNNAME' true true false 50 Text 0 0 ,First,#,C:\data\FRA_Stations\amtrak\MASTER_LAYER\2009\Amtrak.gdb\amtk_stations,STNNAME,-1,-1;ADDRESS1 'ADDRESS1' true true false 50 Text 0 0 ,First,#,C:\data\FRA_Stations\amtrak\MASTER_LAYER\2009\Amtrak.gdb\amtk_stations,ADDRESS1,-1,-1;ADDRESS2 'ADDRESS2' true true false 50 Text 0 0 ,First,#,C:\data\FRA_Stations\amtrak\MASTER_LAYER\2009\Amtrak.gdb\amtk_stations,ADDRESS2,-1,-1;CITY 'CITY' true true false 26 Text 0 0 ,First,#,C:\data\FRA_Stations\amtrak\MASTER_LAYER\2009\Amtrak.gdb\amtk_stations,CITY,-1,-1;STATE 'STATE' true true false 5 Text 0 0 ,First,#,C:\data\FRA_Stations\amtrak\MASTER_LAYER\2009\Amtrak.gdb\amtk_stations,STATE,-1,-1;ZIP 'ZIP' true true false 10 Text 0 0 ,First,#,C:\data\FRA_Stations\amtrak\MASTER_LAYER\2009\Amtrak.gdb\amtk_stations,ZIP,-1,-1;STNTYPE 'STNTYPE' true true false 10 Text 0 0 ,First,#,C:\data\FRA_Stations\amtrak\MASTER_LAYER\2009\Amtrak.gdb\amtk_stations,STNTYPE,-1,-1;STATUS 'STATUS' true true false 10 Text 0 0 ,First,#,C:\data\FRA_Stations\amtrak\MASTER_LAYER\2009\Amtrak.gdb\amtk_stations,STATUS,-1,-1;NOTES 'NOTES' true true false 30 Text 0 0 ,First,#,C:\data\FRA_Stations\amtrak\MASTER_LAYER\2009\Amtrak.gdb\amtk_stations,NOTES,-1,-1;LAT 'LAT' true true false 8 Double 0 0 ,First,#,C:\data\FRA_Stations\amtrak\MASTER_LAYER\2009\Amtrak.gdb\amtk_stations,LAT,-1,-1;LON 'LON' true true false 8 Double 0 0 ,First,#,C:\data\FRA_Stations\amtrak\MASTER_LAYER\2009\Amtrak.gdb\amtk_stations,LON,-1,-1;InAmtrSite 'InAmtrSite' true true false 1 Text 0 0 ,First,#,C:\data\FRA_Stations\amtrak\MASTER_LAYER\2009\Amtrak.gdb\amtk_stations,InAmtrSite,-1,-1;Action_ 'Action_' true true false 2 Text 0 0 ,First,#,C:\data\FRA_Stations\amtrak\MASTER_LAYER\2009\Amtrak.gdb\amtk_stations,Action_,-1,-1" # C:\data\FRA_Stations\amtrak\MASTER_LAYER\2009\amtk_stations09.shp</Process></lineage></DataProperties><MetaID>{C6F6AFAB-1B08-4F8A-B50D-AA3F8073EDE2}</MetaID></Esri><idinfo><native Sync="TRUE">Microsoft Windows XP Version 5.1 (Build 2600) Service Pack 3; ESRI ArcCatalog 9.3.1.4000</native><descript><langdata Sync="TRUE">en</langdata><abstract>Updated database of the Federal Railroad Administration's (FRA) Amtrak Station database. This database is a geographic data set containing Amtrak intercity railroad passenger terminals in the United States and Canada. Attribute data include services and passenger amenities provided at the station.</abstract><purpose>The data set provides an updated version of the location and attribute information for all Amtrak stations in the United States and Canada. This data is used for national and network analysis applications.</purpose></descript><citation><citeinfo><origin>Federal Railroad Administration (FRA)</origin><pubdate>March 2010</pubdate><title>Amtrak Stations</title><ftname Sync="TRUE">amtrk_sta</ftname><geoform Sync="TRUE">vector digital data</geoform><onlink>http://www.fra.dot.gov</onlink><pubinfo><pubplace>Washington, DC</pubplace></pubinfo><lworkcit><citeinfo><onlink>http://www.bts.gov/programs/geographic_information_services/</onlink></citeinfo></lworkcit></citeinfo></citation><timeperd><timeinfo><sngdate><caldate>March 2009</caldate></sngdate></timeinfo><current>publication date</current></timeperd><status><progress>Complete</progress><update>As needed</update></status><spdom><bounding><westbc Sync="TRUE">-124.211990</westbc><eastbc Sync="TRUE">-68.670621</eastbc><northbc Sync="TRUE">50.331532</northbc><southbc Sync="TRUE">25.849848</southbc></bounding><lboundng><leftbc Sync="TRUE">-124.211990</leftbc><rightbc Sync="TRUE">-68.670621</rightbc><bottombc Sync="TRUE">25.849848</bottombc><topbc Sync="TRUE">50.331532</topbc></lboundng></spdom><keywords><theme><themekt>Bus</themekt><themekey>Station</themekey></theme><theme><themekey>Amtrak</themekey><themekey>Station</themekey><themekey>Rail</themekey><themekey>Train</themekey></theme><place><placekey>USA</placekey><placekey>Canada</placekey><placekey>United States</placekey></place><temporal><tempkey>2009</tempkey><tempkey>2010</tempkey><tempkey>2011</tempkey></temporal></keywords><accconst>None</accconst><useconst>None. Acknowledgment of the Federal Railroad Administration (FRA) should be cited in products derived from these data.</useconst><natvform Sync="TRUE">Shapefile</natvform><crossref><citeinfo><onlink>http://www.fra.dot.gov/</onlink><origin>Federal Railroad Administration (FRA)</origin><pubdate>2009</pubdate><title>Amtrak Stations</title><pubinfo><pubplace>Washington, DC</pubplace><publish>Federal Railroad Administration (FRA)</publish></pubinfo><lworkcit><citeinfo><onlink>http://www.bts.gov/programs/geographic_information_services/</onlink></citeinfo></lworkcit></citeinfo></crossref><ptcontac><cntinfo><cntaddr><address>1200 New Jersey Avenue S.E.</address><addrtype>mailing and physical address</addrtype><city>Washington</city><state>DC</state><postal>20590</postal><country>USA</country></cntaddr><cntorgp><cntorg>Federal Railroad Administration (FRA)</cntorg></cntorgp><cntpos>GIS - Office of Railroad Policy &amp; Development</cntpos></cntinfo></ptcontac><secinfo><secclass>Unclassified</secclass></secinfo></idinfo><dataIdInfo><envirDesc Sync="TRUE">Microsoft Windows XP Version 5.1 (Build 2600) Service Pack 3; ESRI ArcCatalog 9.3.1.4000</envirDesc><dataLang><languageCode Sync="TRUE" value="en"></languageCode></dataLang><idCitation><resTitle Sync="TRUE">amtrk_sta</resTitle><presForm><PresFormCd Sync="TRUE" value="005"></PresFormCd></presForm></idCitation><spatRpType><SpatRepTypCd Sync="TRUE" value="001"></SpatRepTypCd></spatRpType><dataExt><geoEle><GeoBndBox esriExtentType="native"><westBL Sync="TRUE">-124.21199</westBL><eastBL Sync="TRUE">-68.670621</eastBL><northBL Sync="TRUE">50.331532</northBL><southBL Sync="TRUE">25.849848</southBL><exTypeCode Sync="TRUE">1</exTypeCode></GeoBndBox></geoEle></dataExt><geoBox esriExtentType="decdegrees"><westBL Sync="TRUE">-124.21199</westBL><eastBL Sync="TRUE">-68.670621</eastBL><northBL Sync="TRUE">50.331532</northBL><southBL Sync="TRUE">25.849848</southBL><exTypeCode Sync="TRUE">1</exTypeCode></geoBox></dataIdInfo><metainfo><langmeta Sync="TRUE">en</langmeta><metstdn Sync="TRUE">FGDC Content Standards for Digital Geospatial Metadata</metstdn><metstdv Sync="TRUE">FGDC-STD-001-1998</metstdv><mettc Sync="TRUE">local time</mettc><metc><cntinfo><cntorgp><cntorg>Federal Railroad Administration (FRA)</cntorg></cntorgp><cntaddr><addrtype>mailing and physical address</addrtype><city>Washington </city><state>DC</state><postal>20590</postal><address>1200 New Jersey Avenue S.E.</address><country>USA</country></cntaddr><cntvoice>REQUIRED: The telephone number by which individuals can speak to the organization or individual.</cntvoice></cntinfo></metc><metd Sync="TRUE">20110428</metd><metextns><onlink Sync="TRUE">http://www.esri.com/metadata/esriprof80.html</onlink><metprof Sync="TRUE">ESRI Metadata Profile</metprof></metextns></metainfo><mdLang><languageCode Sync="TRUE" value="en"></languageCode></mdLang><mdStanName Sync="TRUE">ISO 19115 Geographic Information - Metadata</mdStanName><mdStanVer Sync="TRUE">DIS_ESRI1.0</mdStanVer><mdChar><CharSetCd Sync="TRUE" value="004"></CharSetCd></mdChar><mdHrLv><ScopeCd Sync="TRUE" value="005"></ScopeCd></mdHrLv><mdHrLvName Sync="TRUE">dataset</mdHrLvName><distinfo><resdesc Sync="TRUE">Downloadable Data</resdesc><stdorder><digform><digtinfo><transize Sync="TRUE">0.024</transize><dssize Sync="TRUE">0.024</dssize><formname>ESRI Shapefile</formname><formvern>2011</formvern><filedec>no compression applied</filedec></digtinfo><digtopt><onlinopt><accinstr>NTAD is available for download at www.bts.gov/programs/geographic_information_services.  The NTAD DVD can also be ordered from the online bookstore at www.bts.gov.</accinstr></onlinopt></digtopt></digform><ordering>Call 202-366-DATA, or E-mail (answers@bts.gov) RITA/BTS to request the National Transportation Atlas Databases (NTAD) 2011 DVD.  This and other RITA/BTS products may be ordered from the RITA/BTS Internet website http://www.bts.gov/programs/geographic_information_services/.</ordering></stdorder><availabl><timeinfo><sngdate><caldate>2011</caldate></sngdate></timeinfo></availabl><distrib><cntinfo><cntperp><cntper>Office of Geospatial Information Systems</cntper><cntorg>Research and Innovative Technology Administration's Bureau of Transportation Statistics (RITA/BTS)</cntorg></cntperp><cntaddr><addrtype>mailing and physical address</addrtype><address>1200 New Jersey Ave. S.E.</address><city>Washington</city><state>DC</state><postal>20590</postal><country>USA</country></cntaddr><cntvoice>202-366-DATA</cntvoice><cntemail>answers@bts.gov</cntemail></cntinfo></distrib><distliab>None</distliab><techpreq>Software that can process GIS files.</techpreq></distinfo><distInfo><distributor><distorTran><onLineSrc><orDesc Sync="TRUE">002</orDesc><linkage Sync="TRUE">file://\\152.120.208.62\projectdataset\gis\Data\NTAD\2011\NTAD2011_DVD\point\amtrk_sta\amtrk_sta.shp</linkage><protocol Sync="TRUE">Local Area Network</protocol></onLineSrc><transSize Sync="TRUE">0.024</transSize></distorTran><distorFormat><formatName Sync="TRUE">Shapefile</formatName></distorFormat></distributor></distInfo><spdoinfo><direct Sync="TRUE">Vector</direct><ptvctinf><esriterm Name="amtrk_sta"><efeatyp Sync="TRUE">Simple</efeatyp><efeageom Sync="TRUE">Point</efeageom><esritopo Sync="TRUE">FALSE</esritopo><efeacnt Sync="TRUE">879</efeacnt><spindex Sync="TRUE">TRUE</spindex><linrefer Sync="TRUE">FALSE</linrefer></esriterm><sdtsterm Name="amtrk_sta"><sdtstype Sync="TRUE">Entity point</sdtstype><ptvctcnt Sync="TRUE">879</ptvctcnt></sdtsterm></ptvctinf></spdoinfo><spref><horizsys><cordsysn><geogcsn Sync="TRUE">GCS_WGS_1984</geogcsn></cordsysn><geograph><geogunit Sync="TRUE">Decimal degrees</geogunit><latres Sync="TRUE">0.000000</latres><longres Sync="TRUE">0.000000</longres></geograph><geodetic><horizdn Sync="TRUE">D_WGS_1984</horizdn><ellips Sync="TRUE">WGS_1984</ellips><semiaxis Sync="TRUE">6378137.000000</semiaxis><denflat Sync="TRUE">298.257224</denflat></geodetic></horizsys></spref><refSysInfo><RefSystem><refSysID><identCode Sync="TRUE">GCS_WGS_1984</identCode></refSysID></RefSystem></refSysInfo><spatRepInfo><VectSpatRep><topLvl><TopoLevCd Sync="TRUE" value="001"></TopoLevCd></topLvl><geometObjs Name="amtrk_sta"><geoObjTyp><GeoObjTypCd Sync="TRUE" value="004"></GeoObjTypCd></geoObjTyp><geoObjCnt Sync="TRUE">879</geoObjCnt></geometObjs></VectSpatRep></spatRepInfo><eainfo><detailed Name="amtrk_sta"><attr><attrlabl Sync="TRUE">FID</attrlabl><attalias Sync="TRUE">FID</attalias><attrtype Sync="TRUE">OID</attrtype><attwidth Sync="TRUE">4</attwidth><atprecis Sync="TRUE">0</atprecis><attscale Sync="TRUE">0</attscale><attrdef Sync="TRUE">Internal feature number.</attrdef><attrdefs Sync="TRUE">ESRI</attrdefs><attrdomv><udom Sync="TRUE">Sequential unique whole numbers that are automatically generated.</udom></attrdomv></attr><enttyp><enttypl>Amtrak Stations</enttypl><enttypt Sync="TRUE">Feature Class</enttypt><enttypc Sync="TRUE">879</enttypc><enttypds>Federal Railroad Administration (FRA)</enttypds></enttyp><attr><attrlabl Sync="TRUE">Shape</attrlabl><attalias Sync="TRUE">Shape</attalias><attrtype Sync="TRUE">Geometry</attrtype><attwidth Sync="TRUE">0</attwidth><atprecis Sync="TRUE">0</atprecis><attscale Sync="TRUE">0</attscale><attrdef Sync="TRUE">Feature geometry.</attrdef><attrdefs Sync="TRUE">ESRI</attrdefs><attrdomv><udom Sync="TRUE">Coordinates defining the features.</udom></attrdomv></attr><attr><attrlabl Sync="TRUE">STNCODE</attrlabl><attalias Sync="TRUE">STNCODE</attalias><attrtype Sync="TRUE">String</attrtype><attwidth Sync="TRUE">10</attwidth><attrdef>Unique Station Code</attrdef><attrdomv><udom>Character Value</udom></attrdomv><attrdefs>Antrak</attrdefs></attr><attr><attrlabl Sync="TRUE">STNNAME</attrlabl><attalias Sync="TRUE">STNNAME</attalias><attrtype Sync="TRUE">String</attrtype><attwidth Sync="TRUE">50</attwidth><attrdomv><udom>Character Value</udom></attrdomv><attrdef>City and State of the station</attrdef><attrdefs>FRA</attrdefs></attr><attr><attrlabl Sync="TRUE">ADDRESS1</attrlabl><attalias Sync="TRUE">ADDRESS1</attalias><attrtype Sync="TRUE">String</attrtype><attwidth Sync="TRUE">50</attwidth><attrdomv><udom>Character Value</udom></attrdomv><attrdef>Street address of the station</attrdef><attrdefs>Amtrak</attrdefs></attr><attr><attrlabl Sync="TRUE">ADDRESS2</attrlabl><attalias Sync="TRUE">ADDRESS2</attalias><attrtype Sync="TRUE">String</attrtype><attwidth Sync="TRUE">50</attwidth><attrdomv><udom>Character Value</udom></attrdomv><attrdef>Street address of the station, if applicable</attrdef><attrdefs>Amtrak</attrdefs><attrdomv><udom>Character Value</udom></attrdomv></attr><attr><attrlabl Sync="TRUE">CITY</attrlabl><attalias Sync="TRUE">CITY</attalias><attrtype Sync="TRUE">String</attrtype><attwidth Sync="TRUE">26</attwidth><attrdomv><udom>Character Value</udom></attrdomv><attrdef>Name of the city the station is located in</attrdef><attrdefs>Amtrak</attrdefs></attr><attr><attrlabl Sync="TRUE">STATE</attrlabl><attalias Sync="TRUE">STATE</attalias><attrtype Sync="TRUE">String</attrtype><attwidth Sync="TRUE">5</attwidth><attrdomv><udom>Character Value</udom></attrdomv><attrdef>State abbreviation which follows the postal abbreviation</attrdef><attrdefs>Amtrak</attrdefs></attr><attr><attrlabl Sync="TRUE">ZIP</attrlabl><attalias Sync="TRUE">ZIP</attalias><attrtype Sync="TRUE">String</attrtype><attwidth Sync="TRUE">10</attwidth><attrdomv><udom>Character Value</udom></attrdomv><attrdef>Postal ZIP code for location of station</attrdef><attrdefs>Amtrak</attrdefs></attr><attr><attrlabl Sync="TRUE">STNTYPE</attrlabl><attalias Sync="TRUE">STNTYPE</attalias><attrtype Sync="TRUE">String</attrtype><attwidth Sync="TRUE">10</attwidth><attrdomv><edom><edomv>BUS</edomv><edomvd>Station is a thruway bus stop</edomvd><edomvds>FRA</edomvds></edom><edom><edomv>RAIL</edomv><edomvd>Station is a rail station</edomvd><edomvds>FRA</edomvds></edom><edom><edomv>OTHER</edomv><edomvd>Station serves other modes</edomvd><edomvds>FRA</edomvds></edom></attrdomv><attrdef>Type of station</attrdef><attrdefs>Amtrak</attrdefs></attr><attr><attrlabl Sync="TRUE">STFIPS</attrlabl><attalias Sync="TRUE">STFIPS</attalias><attrtype Sync="TRUE">String</attrtype><attwidth Sync="TRUE">2</attwidth><attrdef>Federal Information Processing Standard (FIPS) State Code</attrdef><attrdefs>National Institute of Standards and Technology (NIST)</attrdefs><attrdomv><codesetd><codesetn>Federal Information Processing Standard (FIPS) State Code</codesetn><codesets>National Institute of Standards and Technology (NIST)</codesets></codesetd></attrdomv></attr><attr><attrlabl Sync="TRUE">VERSION</attrlabl><attalias Sync="TRUE">VERSION</attalias><attrtype Sync="TRUE">String</attrtype><attwidth Sync="TRUE">2</attwidth><attrdef>The VERSION is a 2-digit number that will be incremented for all records in the database whenever a new release is distributed.</attrdef><attrdefs>RITA/BTS</attrdefs><attrdomv><rdom><rdommin>00</rdommin><rdommax>99</rdommax></rdom></attrdomv></attr></detailed><overview><dsoverv>A point feature layer that contain the Amtrak station locations.</dsoverv></overview></eainfo><mdDateSt Sync="TRUE">20110428</mdDateSt><dataqual><lineage><procstep><procdesc>FRA's Amtrak Database was copied and the attributes for each station was compared with the Amtrak webiste. If there were any dissimilarities, the attribute table was changed. If an address of a station changed, the location of the station was observed to determine if the point had to be moved. If a station location had to be moved, it was done manually. Newly added stations were first but into a seperate shapefile (a shapefile for each geographic ragion) and were added manually by cross-referencing their location with road atlases. Then the shapefiles were added to the database. </procdesc><date Sync="TRUE">20080610</date><time Sync="TRUE">13171700</time><proccont><cntinfo><cntaddr><address>1200 New Jersey Avenue S.E. </address><addrtype>mailing and physical address</addrtype><city>Washington</city><state>DC</state><postal>20590</postal><country>USA</country></cntaddr><cntorgp><cntorg>Federal Railroad Administration (FRA)</cntorg></cntorgp><cntpos>GIS-Office of Railroad Policy &amp; Devlopment</cntpos></cntinfo></proccont><procdate>March 2009</procdate></procstep><srcinfo><srccite><citeinfo><onlink>http://www.bts.gov/programs/geographic_information_services/</onlink><lworkcit><citeinfo><onlink>http://www.bts.gov/programs/geographic_information_services/</onlink></citeinfo></lworkcit></citeinfo></srccite></srcinfo></lineage><logic>All points records are represented by a single coordinate pair and a unique feature identifier; the Amtrak Station Code (stored in the STNCODE field). Attribute data can be matched to specific point records using this identifier.</logic><complete>The database contains all the Amtrak thruway bus and rail stations from the Amtrak website and Timetables in the US and Canada as of March 2009. As new stations are formed or if they move, this database should be updated accordingly.</complete></dataqual></metadata>
